{
    "1": {
        "matricula": "1111-AAB",
        "marca": "Bugatti",
        "modelo": "patata",
        "potencia": "120",
        "vmax": "130",
        "path_imagen": "imgs\/1111-AAB.jpg"
    },
    "2": {
        "matricula": "1223-ABV",
        "marca": "Acura",
        "modelo": "23423",
        "potencia": "324",
        "vmax": "567",
        "path_imagen": "imgs\/1223-ABV.png"
    },
    "3": {
        "matricula": "1111-GHJ",
        "marca": "BMW",
        "modelo": "awuigdgawydguyawgduy",
        "potencia": "16",
        "vmax": "12",
        "path_imagen": "imgs\/1111-GHJ.png"
    },
    "4": {
        "matricula": "1781-AAB",
        "marca": "Bugatti",
        "modelo": "patata",
        "potencia": "120",
        "vmax": "130",
        "path_imagen": "imgs\/1111-AAB.jpg"
    },
    "5": {
        "matricula": "1343-ABV",
        "marca": "Acura",
        "modelo": "23423",
        "potencia": "324",
        "vmax": "567",
        "path_imagen": "imgs\/1223-ABV.png"
    },
    "6": {
        "matricula": "6311-GHJ",
        "marca": "BMW",
        "modelo": "awuigdgawydguyawgduy",
        "potencia": "16",
        "vmax": "12",
        "path_imagen": "imgs\/1111-GHJ.png"
    },
    "7": {
        "matricula": "1123-HJK",
        "marca": "Aston Martin",
        "modelo": "patata",
        "potencia": 126,
        "vmax": 130,
        "path_imagen": "imgs\/1123-HJK.png"
    }
}